<?xml version="1.0" encoding="UTF-8"?><?xml-stylesheet type='text/xsl' href='_UpgradeReport_Files/UpgradeReport.xslt'?><UpgradeLog>
<Properties><Property Name="Solution" Value="ent-proj">
</Property><Property Name="Solution File" Value="J:\NCI\Enterprise Frameworks\CS\ent-proj.sln">
</Property><Property Name="User Options File" Value="J:\NCI\Enterprise Frameworks\CS\ent-proj.suo">
</Property><Property Name="Date" Value="19 June 2012">
</Property><Property Name="Time" Value="21:17">
</Property></Properties><Event ErrorLevel="0" Project="" Source="ent-proj.sln" Description="File successfully backed up as J:\NCI\Enterprise Frameworks\CS\Backup\ent-proj.sln">
</Event><Event ErrorLevel="0" Project="" Source="ent-proj.suo" Description="File successfully backed up as J:\NCI\Enterprise Frameworks\CS\Backup\ent-proj.suo">
</Event><Event ErrorLevel="0" Project="J:\NCI\Enterprise Frameworks\CS\RDImageGallery\RDImageGallery.ccproj" Source="RDImageGallery\RDImageGallery.ccproj" Description="Project file successfully backed up as J:\NCI\Enterprise Frameworks\CS\Backup\RDImageGallery\RDImageGallery.ccproj">
</Event><Event ErrorLevel="0" Project="J:\NCI\Enterprise Frameworks\CS\RDImageGallery\RDImageGallery.ccproj" Source="RDImageGallery\RDImageGallery.ccproj.user" Description="Project user file successfully backed up as J:\NCI\Enterprise Frameworks\CS\Backup\RDImageGallery\RDImageGallery.ccproj.user">
</Event><Event ErrorLevel="0" Project="J:\NCI\Enterprise Frameworks\CS\RDImageGallery\RDImageGallery.ccproj" Source="RDImageGallery\ServiceDefinition.csdef" Description="File successfully backed up as J:\NCI\Enterprise Frameworks\CS\Backup\RDImageGallery\ServiceDefinition.csdef">
</Event><Event ErrorLevel="0" Project="J:\NCI\Enterprise Frameworks\CS\RDImageGallery\RDImageGallery.ccproj" Source="RDImageGallery\ServiceConfiguration.cscfg" Description="File successfully backed up as J:\NCI\Enterprise Frameworks\CS\Backup\RDImageGallery\ServiceConfiguration.cscfg">
</Event><Event ErrorLevel="0" Project="J:\NCI\Enterprise Frameworks\CS\RDImageGallery\RDImageGallery.ccproj" Source="RDImageGallery\ServiceDefinition.csdef" Description="Updated ServiceConfiguration element schemaVersion attribute to '2012-05.1.7'.">
</Event><Event ErrorLevel="3" Project="J:\NCI\Enterprise Frameworks\CS\RDImageGallery\RDImageGallery.ccproj" Source="RDImageGallery\ServiceDefinition.csdef" Description="Converted">
</Event><Event ErrorLevel="0" Project="J:\NCI\Enterprise Frameworks\CS\RDImageGallery\RDImageGallery.ccproj" Source="RDImageGallery\ServiceConfiguration.cscfg" Description="Updated ServiceDefinition element schemaVersion attribute to '2012-05.1.7'.">
</Event><Event ErrorLevel="3" Project="J:\NCI\Enterprise Frameworks\CS\RDImageGallery\RDImageGallery.ccproj" Source="RDImageGallery\ServiceConfiguration.cscfg" Description="Converted">
</Event><Event ErrorLevel="0" Project="J:\NCI\Enterprise Frameworks\CS\RDImageGallery\RDImageGallery.ccproj" Source="RDImageGallery\RDImageGallery.ccproj" Description="Upgraded ProductVersion value to 1.7.">
</Event><Event ErrorLevel="3" Project="J:\NCI\Enterprise Frameworks\CS\RDImageGallery\RDImageGallery.ccproj" Source="RDImageGallery\RDImageGallery.ccproj" Description="Converted">
</Event><Event ErrorLevel="0" Project="J:\NCI\Enterprise Frameworks\CS\RDImageGallery\RDImageGallery.ccproj" Source="RDImageGallery\RDImageGallery.ccproj" Description="Added UseIISExpressByDefault value 'false'.">
</Event><Event ErrorLevel="0" Project="J:\NCI\Enterprise Frameworks\CS\RDImageGallery\RDImageGallery.ccproj" Source="RDImageGallery\RDImageGallery.ccproj" Description="Upgraded CloudExtensionsDir value to $(MSBuildExtensionsPath)\Microsoft\VisualStudio\v$(VisualStudioVersion)\Windows Azure Tools\1.7\.">
</Event><Event ErrorLevel="0" Project="RDImageGallery_WebRole" Source="RDImageGallery_WebRole\RDImageGallery_WebRole.csproj" Description="Project file successfully backed up as J:\NCI\Enterprise Frameworks\CS\Backup\RDImageGallery_WebRole\RDImageGallery_WebRole.csproj">
</Event><Event ErrorLevel="0" Project="RDImageGallery_WebRole" Source="RDImageGallery_WebRole\RDImageGallery_WebRole.csproj.user" Description="Project user file successfully backed up as J:\NCI\Enterprise Frameworks\CS\Backup\RDImageGallery_WebRole\RDImageGallery_WebRole.csproj.user">
</Event><Event ErrorLevel="0" Project="RDImageGallery_WebRole" Source="RDImageGallery_WebRole\Default.aspx.cs" Description="File successfully backed up as J:\NCI\Enterprise Frameworks\CS\Backup\RDImageGallery_WebRole\Default.aspx.cs">
</Event><Event ErrorLevel="0" Project="RDImageGallery_WebRole" Source="RDImageGallery_WebRole\Default.aspx.designer.cs" Description="File successfully backed up as J:\NCI\Enterprise Frameworks\CS\Backup\RDImageGallery_WebRole\Default.aspx.designer.cs">
</Event><Event ErrorLevel="0" Project="RDImageGallery_WebRole" Source="RDImageGallery_WebRole\Global.asax.cs" Description="File successfully backed up as J:\NCI\Enterprise Frameworks\CS\Backup\RDImageGallery_WebRole\Global.asax.cs">
</Event><Event ErrorLevel="0" Project="RDImageGallery_WebRole" Source="RDImageGallery_WebRole\Properties\AssemblyInfo.cs" Description="File successfully backed up as J:\NCI\Enterprise Frameworks\CS\Backup\RDImageGallery_WebRole\Properties\AssemblyInfo.cs">
</Event><Event ErrorLevel="0" Project="RDImageGallery_WebRole" Source="RDImageGallery_WebRole\WebRole.cs" Description="File successfully backed up as J:\NCI\Enterprise Frameworks\CS\Backup\RDImageGallery_WebRole\WebRole.cs">
</Event><Event ErrorLevel="0" Project="RDImageGallery_WebRole" Source="RDImageGallery_WebRole\Default.aspx" Description="File successfully backed up as J:\NCI\Enterprise Frameworks\CS\Backup\RDImageGallery_WebRole\Default.aspx">
</Event><Event ErrorLevel="0" Project="RDImageGallery_WebRole" Source="RDImageGallery_WebRole\Global.asax" Description="File successfully backed up as J:\NCI\Enterprise Frameworks\CS\Backup\RDImageGallery_WebRole\Global.asax">
</Event><Event ErrorLevel="0" Project="RDImageGallery_WebRole" Source="RDImageGallery_WebRole\Web.config" Description="File successfully backed up as J:\NCI\Enterprise Frameworks\CS\Backup\RDImageGallery_WebRole\Web.config">
</Event><Event ErrorLevel="0" Project="RDImageGallery_WebRole" Source="RDImageGallery_WebRole\Web.Debug.config" Description="File successfully backed up as J:\NCI\Enterprise Frameworks\CS\Backup\RDImageGallery_WebRole\Web.Debug.config">
</Event><Event ErrorLevel="0" Project="RDImageGallery_WebRole" Source="RDImageGallery_WebRole\Web.Release.config" Description="File successfully backed up as J:\NCI\Enterprise Frameworks\CS\Backup\RDImageGallery_WebRole\Web.Release.config">
</Event><Event ErrorLevel="0" Project="RDImageGallery_WebRole" Source="RDImageGallery_WebRole\RDImageGallery_WebRole.csproj" Description="The project file does not require conversion.">
</Event><Event ErrorLevel="3" Project="RDImageGallery_WebRole" Source="RDImageGallery_WebRole\RDImageGallery_WebRole.csproj" Description="No Conversion Required">
</Event><Event ErrorLevel="0" Project="" Source="ent-proj.sln" Description="The solution file does not require conversion.">
</Event><Event ErrorLevel="3" Project="" Source="ent-proj.sln" Description="No Conversion Required">
</Event></UpgradeLog>